{
	"classes": [
		{
			"Code": "Info 202",
			"Name": "Information Organization & Retrieval",
			"Professor": "David Bamman",
			"Days": [
				"Tuesday", "Thursday"
			]
		},
		{
			"Code": "Info 206A",
			"Name": "Introduction to Programming & Computation",
			"Professor": "Hany Farid",
			"Days": [
				"Monday", "Wednesday"
			]
		},
		{
			"Code": "Info 206B",
			"Name": "Data Structures & Algorithms",
			"Professor": "Hany Farid",
			"Days": [
				"Monday", "Wednesday"
			]
		},
		{
			"Code": "Info 271B",
			"Name": "Quantitative Research Methods",
			"Professor": "Coye Cheshire",
			"Days": [
				"Tuesday", "Thursday"
			]
		},
		{
			"Code": "CS 299",
			"Name": "Designing Algorithmic Media",
			"Professor": "Jonathan Stray",
			"Days": [
				"Friday"
			]
		},
		{
			"Code": "Info 290M",
			"Name": "Lean/Agile Product Management",
			"Professor": "Jez Humble",
			"Days": [
				"Monday"
			]
		}
	]
}